{
  "id": "scribenetics",
  "title": "Scribenetics",
  "description": "Rens' company in Cyberpunk RED.",
  "version": "0.0.1",
  "authors": [
    {
      "name": "3lixir Ltd",
      "url": "https://3lixir.co.uk",
      "discord": "3lixirttv",
      "flags": {
        "patreon": "3lixir",
        "github": "3lixir-Ltd"
      }
    }
  ],
  "readme": "https://raw.githubusercontent.com//3lixir-Ltd/scribenetics/master/README.md",
  "license": "PROPRIETARY",
  "bugs": "https://github.com/3lixir-Ltd/scribenetics/issues",
  "changelog": "https://raw.githubusercontent.com//3lixir-Ltd/scribenetics/master/README.md",
  "url": "https://3lixir.co.uk",
  "manifest": "https://raw.githubusercontent.com/3lixir-Ltd/scribenetics/master/module.json",
  "download": "https://github.com/3lixir-Ltd/scribenetics/raw/master/scribenetics.zip",
  "compatibility": {
    "minimum": "11",
    "verified": "11.315",
    "maximum": "11.999"
  },
  "packs": [
    {
      "name": "scribenetics",
      "label": "Scribenetics",
      "path": "/packs/scribenetics",
      "type": "Item",
      "system": "cyberpunk-red-core",
      "ownership": {
        "PLAYER": "OBSERVER",
        "ASSISTANT": "OWNER"
      }
    }
  ]
}